group,seeds,rule,sigma,parameter,valid_sharpe_at_tuning_cost,cost_bps,test_days,annual_return,annual_volatility,sharpe,sharpe_ci_low,sharpe_ci_high,max_drawdown,annual_excess_return,daily_one_way_turnover,mean_holdings,days_out_share
dropout=0.0 select=rank_ic,5,mu,none,0.0,1.1965653164421401,0.0,237,0.27767863340212384,0.1458173545697905,1.9042907082038885,0.09568617179985528,3.6619880014106863,-0.05451725785362671,0.1200352455508358,0.3653164556962027,,
dropout=0.0 select=rank_ic,5,mu,none,0.0,1.1965653164421401,10.0,237,0.09355913973123767,0.14585427489896247,0.6414562740519525,-1.1730525951383983,2.3896383422081344,-0.08492178022401753,-0.06408424812005034,0.3653164556962027,,
dropout=0.0 select=rank_ic,5,mu,none,0.0,1.1965653164421401,20.0,237,-0.0905603539396485,0.14592329580467575,-0.6206024434978992,-2.4688002139762864,1.1100330704409997,-0.1825167390871678,-0.24820374179093646,0.3653164556962027,,
dropout=0.0 select=rank_ic,5,penalty,seed_ensemble,0.25,1.1598043829472333,0.0,237,0.2694800658304542,0.14252291037145534,1.890784191314311,0.22202959156758392,3.650162429565705,-0.056320318684391135,0.11183667797916616,0.42016877637130823,,
dropout=0.0 select=rank_ic,5,penalty,seed_ensemble,0.25,1.1598043829472333,10.0,237,0.05771500253931491,0.1425697418332053,0.4048194364189608,-1.291965451682466,2.109437097767676,-0.10838313325012261,-0.09992838531197314,0.42016877637130823,,
dropout=0.0 select=rank_ic,5,penalty,seed_ensemble,0.25,1.1598043829472333,20.0,237,-0.15405006075182445,0.14265440790131845,-1.0798829353971944,-2.8429826945339363,0.6094327309595314,-0.21436341461391284,-0.3116934486031125,0.42016877637130823,,
dropout=0.0 select=rank_ic,5,filter,seed_ensemble,0.4,0.7392927549875775,0.0,237,0.251676882978822,0.12692227832377126,1.982921251514325,0.30950911026411,3.7555196847802845,-0.05063716347996117,0.09403349512753398,0.6863291139240509,,
dropout=0.0 select=rank_ic,5,filter,seed_ensemble,0.4,0.7392927549875775,10.0,237,-0.09423299043889974,0.1269261619868798,-0.7424236970833522,-2.429385090238124,0.9951697078072995,-0.1322744001010846,-0.2518763782901877,0.6863291139240509,,
dropout=0.0 select=rank_ic,5,filter,seed_ensemble,0.4,0.7392927549875775,20.0,237,-0.44014286385662144,0.1269786706661143,-3.466273993480061,-5.26080293230473,-1.7623469229772601,-0.35327344037704833,-0.5977862517079093,0.6863291139240509,,
dropout=0.0 select=rank_ic,5,penalty,trailing_volatility,0.5,1.1009752201099088,0.0,237,0.2812061693730448,0.1336656879749429,2.1038022070836906,0.376971312978833,3.7936243869072386,-0.05342465473547542,0.12356278152175687,0.42050632911392427,,
dropout=0.0 select=rank_ic,5,penalty,trailing_volatility,0.5,1.1009752201099088,10.0,237,0.06927097949962707,0.1337033217675837,0.5180946784556386,-1.2004352465626347,2.1680329956376636,-0.09461498064147855,-0.08837240835166096,0.42050632911392427,,
dropout=0.0 select=rank_ic,5,penalty,trailing_volatility,0.5,1.1009752201099088,20.0,237,-0.1426642103737908,0.1337841138949711,-1.0663763149471628,-2.810594243171442,0.5506663952983978,-0.19789836398471516,-0.3003075982250788,0.42050632911392427,,
dropout=0.0 select=rank_ic,5,filter,trailing_volatility,0.4,0.7482571759679706,0.0,237,0.2700770978962064,0.10465197726016168,2.580716628265922,0.9958313353138721,4.3037199022737145,-0.036908348529541835,0.11243371004491837,0.46582278481012684,,
dropout=0.0 select=rank_ic,5,filter,trailing_volatility,0.4,0.7482571759679706,10.0,237,0.03530241435190246,0.10460953659406312,0.3374684135051027,-1.2111228859993086,2.0023410977781575,-0.06021950155263034,-0.12234097349938554,0.46582278481012684,,
dropout=0.0 select=rank_ic,5,filter,trailing_volatility,0.4,0.7482571759679706,20.0,237,-0.19947226919240144,0.10462880242298328,-1.9064756985939122,-3.433878245979137,-0.33194605954634115,-0.19067499574759095,-0.35711565704368947,0.46582278481012684,,
dropout=0.0 select=rank_ic,5,consensus,seed_votes,4.0,,10.0,237,0.06762986782592799,0.14401894379020974,0.46959008340210723,-1.2684164264682634,2.256349159299321,-0.10290240571352904,-0.09001352002536,0.41147679324894537,50.0,
dropout=0.0 select=rank_ic,5,market_gate,seed_ensemble,0.8,,10.0,237,0.0829115851390962,0.13307730256716618,0.623033256157634,-1.3086347445930318,2.517692371369548,-0.09335579635053493,-0.07473180271219182,0.33670886075949386,,0.21940928270042193
dropout=0.0 select=rank_ic,5,random_gate,seed_ensemble,0.8,,10.0,237,,,0.15705195957201756,-0.7907441567917602,0.9953742532717164,,,,,0.21940928270042193
dropout=0.0 select=rank_ic,5,market_gate,trailing_volatility,0.8,,10.0,237,-0.0251690241795939,0.12926333169265072,-0.19471124448067192,-2.027493684263237,1.6976996912883426,-0.10859575931436316,-0.1828124120308819,0.32632911392405084,,0.18143459915611815
dropout=0.0 select=rank_ic,5,random_gate,trailing_volatility,0.8,,10.0,237,,,0.16695764196461085,-0.6229540343303306,1.0231662416384084,,,,,0.18143459915611815
dropout=0.0 select=rank_ic,5,equal_weight_benchmark,none,0.0,,0.0,237,0.157643387851288,0.10399415245209027,1.51588703916707,-0.16105380609028336,3.3194591036979513,-0.05163539664062311,0.0,0.0,,
dropout=0.1 sites=mixer select=rank_ic mc_samples=50,5,mu,none,0.0,0.9466657114259502,0.0,237,0.27469699825326727,0.14273092022985612,1.9245794661093119,0.3379401038210614,3.568368204879258,-0.04935682699801003,0.11705361040197922,0.44227848101265843,,
dropout=0.1 sites=mixer select=rank_ic mc_samples=50,5,mu,none,0.0,0.9466657114259502,10.0,237,0.05178864382288738,0.14292893353104538,0.36233841912518333,-1.1572432483323372,1.958611092375963,-0.1049173379817877,-0.10585474402840062,0.44227848101265843,,
dropout=0.1 sites=mixer select=rank_ic mc_samples=50,5,mu,none,0.0,0.9466657114259502,20.0,237,-0.17111971060749243,0.14317068813113204,-1.1952146968153252,-2.700414722635484,0.35046066933679926,-0.1861292512575401,-0.32876309845878043,0.44227848101265843,,
dropout=0.1 sites=mixer select=rank_ic mc_samples=50,5,penalty,seed_ensemble,0.5,0.8481061056035026,0.0,237,0.2644378993993791,0.14570593493039383,1.8148739069942863,0.2274603011557083,3.499756088525293,-0.07189729858919836,0.1067945115480911,0.49552742616033785,,
dropout=0.1 sites=mixer select=rank_ic mc_samples=50,5,penalty,seed_ensemble,0.5,0.8481061056035026,10.0,237,0.014692076614568866,0.145744659783004,0.10080696360637555,-1.4509239610774542,1.6920923342002214,-0.12572823225453778,-0.14295131123671914,0.49552742616033785,,
dropout=0.1 sites=mixer select=rank_ic mc_samples=50,5,penalty,seed_ensemble,0.5,0.8481061056035026,20.0,237,-0.23505374617024147,0.14583159289729525,-1.6118163526869154,-3.1509420537452097,-0.05581802330868645,-0.23801405741330328,-0.3926971340215295,0.49552742616033785,,
dropout=0.1 sites=mixer select=rank_ic mc_samples=50,5,filter,seed_ensemble,0.4,0.6832389664471635,0.0,237,0.3719936799339954,0.11776709720935075,3.1587233509943307,1.501855584691736,4.832254418594438,-0.03159186486507326,0.21435029208270737,0.7616033755274266,,
dropout=0.1 sites=mixer select=rank_ic mc_samples=50,5,filter,seed_ensemble,0.4,0.6832389664471635,10.0,237,-0.011854421331827599,0.11784029547971031,-0.10059734901011588,-1.66115775033713,1.4771371927602053,-0.08397515040740966,-0.16949780918311563,0.7616033755274266,,
dropout=0.1 sites=mixer select=rank_ic mc_samples=50,5,filter,seed_ensemble,0.4,0.6832389664471635,20.0,237,-0.3957025225976506,0.11795591549184209,-3.3546645028160347,-4.863846137676492,-1.8533023808366147,-0.32836016129313905,-0.5533459104489387,0.7616033755274266,,
dropout=0.1 sites=mixer select=rank_ic mc_samples=50,5,penalty,mc_dropout,0.25,0.5822450003968499,0.0,237,0.31506151988179154,0.14374473306255636,2.191812619281708,0.6740557223449108,3.8039942337657555,-0.04500893598167566,0.15741813203050345,0.46016877637130826,,
dropout=0.1 sites=mixer select=rank_ic mc_samples=50,5,penalty,mc_dropout,0.25,0.5822450003968499,10.0,237,0.0831364565906521,0.1439077332406144,0.577706664669977,-0.8933296313716189,2.0987094036044245,-0.0972169677153012,-0.07450693126063593,0.46016877637130826,,
dropout=0.1 sites=mixer select=rank_ic mc_samples=50,5,penalty,mc_dropout,0.25,0.5822450003968499,20.0,237,-0.14878860670048727,0.14411977728573347,-1.032395480361431,-2.473112178314335,0.42992275339346314,-0.1835496976382741,-0.3064319945517753,0.46016877637130826,,
dropout=0.1 sites=mixer select=rank_ic mc_samples=50,5,filter,mc_dropout,0.1,-0.035641532229496675,0.0,237,0.22495838825946426,0.13594449878232992,1.6547811075434586,0.16605642186128494,3.33870811614067,-0.05290143215336074,0.06731500040817619,0.5251476793248948,,
dropout=0.1 sites=mixer select=rank_ic mc_samples=50,5,filter,mc_dropout,0.1,-0.035641532229496675,10.0,237,-0.03971604212028277,0.13598135122506513,-0.2920697710566801,-1.8085992838300073,1.2646644151681639,-0.10578595906829458,-0.1973594299715708,0.5251476793248948,,
dropout=0.1 sites=mixer select=rank_ic mc_samples=50,5,filter,mc_dropout,0.1,-0.035641532229496675,20.0,237,-0.30439047250002976,0.13607263689305577,-2.2369704846629883,-3.760445986028872,-0.7818649129121166,-0.27201208282799794,-0.4620338603513177,0.5251476793248948,,
dropout=0.1 sites=mixer select=rank_ic mc_samples=50,5,penalty,trailing_volatility,0.25,0.6535956081651797,0.0,237,0.31200365637160865,0.13835445495550858,2.255103794611756,0.7309041923348941,3.8344787990155753,-0.04823748561097574,0.1543602685203206,0.47308016877637155,,
dropout=0.1 sites=mixer select=rank_ic mc_samples=50,5,penalty,trailing_volatility,0.25,0.6535956081651797,10.0,237,0.0735712513083173,0.13857439099188007,0.5309152057729649,-0.9520028308545415,2.037999822967626,-0.0932277533683552,-0.0840721365429707,0.47308016877637155,,
dropout=0.1 sites=mixer select=rank_ic mc_samples=50,5,penalty,trailing_volatility,0.25,0.6535956081651797,20.0,237,-0.16486115375497393,0.13883911758670883,-1.187425825088622,-2.6706193748828815,0.262672152714312,-0.18947400703024142,-0.322504541606262,0.47308016877637155,,
dropout=0.1 sites=mixer select=rank_ic mc_samples=50,5,filter,trailing_volatility,0.1,0.2815147649169969,0.0,237,0.28006280601109734,0.1319144877715124,2.1230632869999155,0.6624666402070636,3.6824570217294155,-0.04666150088177601,0.1224194181598093,0.5091983122362872,,
dropout=0.1 sites=mixer select=rank_ic mc_samples=50,5,filter,trailing_volatility,0.1,0.2815147649169969,10.0,237,0.023426856644008585,0.13193455789371145,0.17756421833680322,-1.2171791587435161,1.6356283701546024,-0.09115169948812463,-0.13421653120727944,0.5091983122362872,,
dropout=0.1 sites=mixer select=rank_ic mc_samples=50,5,filter,trailing_volatility,0.1,0.2815147649169969,20.0,237,-0.23320909272308016,0.1320107126067159,-1.7665921811804226,-3.163928352404675,-0.3737805960454492,-0.2189527992250383,-0.3908524805743681,0.5091983122362872,,
dropout=0.1 sites=mixer select=rank_ic mc_samples=50,5,consensus,seed_votes,4.0,,10.0,237,0.056961053131785504,0.14463122337401377,0.3938364884357317,-1.0845986117110444,1.9949970218285042,-0.10356035326653823,-0.1006823347195025,0.45881856540084415,50.0,
dropout=0.1 sites=mixer select=rank_ic mc_samples=50,5,market_gate,seed_ensemble,0.8,,10.0,237,-0.09896973109922846,0.12943464330131438,-0.7646309254998617,-2.5989422721863353,1.0113333714146244,-0.15668869171266264,-0.2566131189505165,0.4295358649789031,,0.13502109704641352
dropout=0.1 sites=mixer select=rank_ic mc_samples=50,5,random_gate,seed_ensemble,0.8,,10.0,237,,,0.10923389703041363,-0.5955856269610326,0.741935836417089,,,,,0.13502109704641352
dropout=0.1 sites=mixer select=rank_ic mc_samples=50,5,market_gate,mc_dropout,0.8,,10.0,237,-0.018561107508363314,0.13320815852309825,-0.13933911942146418,-1.7696990201806808,1.4537506445320183,-0.13370401701187873,-0.17620449535965133,0.408354430379747,,0.16455696202531644
dropout=0.1 sites=mixer select=rank_ic mc_samples=50,5,random_gate,mc_dropout,0.8,,10.0,237,,,0.019476743948247367,-0.7760425534766412,0.7480552751865363,,,,,0.16455696202531644
dropout=0.1 sites=mixer select=rank_ic mc_samples=50,5,market_gate,trailing_volatility,0.8,,10.0,237,-0.0318839555772748,0.12835521425540836,-0.2484040540326654,-2.0273586973686157,1.4288892041752477,-0.11383320875623426,-0.18952734342856278,0.39088607594936725,,0.18143459915611815
dropout=0.1 sites=mixer select=rank_ic mc_samples=50,5,random_gate,trailing_volatility,0.8,,10.0,237,,,-0.00012923222791326737,-0.9371620399860773,0.8484464360758993,,,,,0.18143459915611815
dropout=0.1 sites=mixer select=rank_ic mc_samples=50,5,equal_weight_benchmark,none,0.0,,0.0,237,0.157643387851288,0.10399415245209027,1.51588703916707,-0.15731784200214147,3.379749913909172,-0.05163539664062311,0.0,0.0,,
dropout=0.2 sites=mixer select=rank_ic mc_samples=50,5,mu,none,0.0,0.40037737756352715,0.0,237,0.3125389739310574,0.1448750745629378,2.157299831416354,0.5784046258658324,3.8749513089164775,-0.04720513095077461,0.15489558607976936,0.4617721518987344,,
dropout=0.2 sites=mixer select=rank_ic mc_samples=50,5,mu,none,0.0,0.40037737756352715,10.0,237,0.07980580937409525,0.1451386169468684,0.5498592383811274,-0.9984648853637336,2.2054751665539594,-0.07583496419525437,-0.07783757847719278,0.4617721518987344,,
dropout=0.2 sites=mixer select=rank_ic mc_samples=50,5,mu,none,0.0,0.40037737756352715,20.0,237,-0.1529273551828669,0.14545190601118863,-1.0513946456714238,-2.5691223671795282,0.5473942033816567,-0.18022683502791725,-0.31057074303415494,0.4617721518987344,,
dropout=0.2 sites=mixer select=rank_ic mc_samples=50,5,penalty,seed_ensemble,0.5,0.2674660292263741,0.0,237,0.26909956053892947,0.14452599684610565,1.8619457150361152,0.27589401576007133,3.5318858711000316,-0.04924605134552218,0.11145617268764141,0.5054852320675107,,
dropout=0.2 sites=mixer select=rank_ic mc_samples=50,5,penalty,seed_ensemble,0.5,0.2674660292263741,10.0,237,0.014335003576903968,0.1446211832263969,0.09912105029913405,-1.4342685491659428,1.6747027425789327,-0.10581392700591896,-0.14330838427438408,0.5054852320675107,,
dropout=0.2 sites=mixer select=rank_ic mc_samples=50,5,penalty,seed_ensemble,0.5,0.2674660292263741,20.0,237,-0.24042955338512143,0.1447667931325717,-1.66080596373331,-3.1969007625151398,-0.15507029118408167,-0.22891744507029466,-0.3980729412364095,0.5054852320675107,,
dropout=0.2 sites=mixer select=rank_ic mc_samples=50,5,filter,seed_ensemble,0.1,-0.07919936775906065,0.0,237,0.3037489999193488,0.12712108449389012,2.3894462600651276,0.661726715546429,4.1281329870761425,-0.05931340909300942,0.14610561206806075,0.6555274261603379,,
dropout=0.2 sites=mixer select=rank_ic mc_samples=50,5,filter,seed_ensemble,0.1,-0.07919936775906065,10.0,237,-0.026636822865461592,0.1271124012925413,-0.2095532976688765,-1.8621880052378188,1.428490937781512,-0.10092754903157353,-0.18428021071674955,0.6555274261603379,,
dropout=0.2 sites=mixer select=rank_ic mc_samples=50,5,filter,seed_ensemble,0.1,-0.07919936775906065,20.0,237,-0.35702264565027186,0.12715506938039856,-2.807773590073699,-4.473962143568561,-1.2121337685374418,-0.30689442286762647,-0.5146660335015599,0.6555274261603379,,
dropout=0.2 sites=mixer select=rank_ic mc_samples=50,5,penalty,mc_dropout,0.25,0.032958209815895326,0.0,237,0.29411350348533666,0.14108689716037628,2.084626633690952,0.5977328160796211,3.6509829071738475,-0.04030029686307002,0.13647011563404865,0.47130801687763735,,
dropout=0.2 sites=mixer select=rank_ic mc_samples=50,5,penalty,mc_dropout,0.25,0.032958209815895326,10.0,237,0.05657426297900742,0.14119515415147435,0.4006813358361752,-1.0860391146179629,1.8980095590533186,-0.06852495648658019,-0.1010691248722806,0.47130801687763735,,
dropout=0.2 sites=mixer select=rank_ic mc_samples=50,5,penalty,mc_dropout,0.25,0.032958209815895326,20.0,237,-0.1809649775273218,0.14135693163512497,-1.2801988231778714,-2.7575324888521884,0.16734599824094104,-0.19180768784741387,-0.33860836537860983,0.47130801687763735,,
dropout=0.2 sites=mixer select=rank_ic mc_samples=50,5,filter,mc_dropout,0.1,-0.04365140414615338,0.0,237,0.26694573121514786,0.1331584449805129,2.004722503737664,0.35873324144359536,3.6690146265263484,-0.0598912048456679,0.1093023433638598,0.5416877637130804,,
dropout=0.2 sites=mixer select=rank_ic mc_samples=50,5,filter,mc_dropout,0.1,-0.04365140414615338,10.0,237,-0.006064901696244735,0.13317133668812914,-0.04554209522164659,-1.6541076654796223,1.447492382653148,-0.09920387264137365,-0.16370828954753278,0.5416877637130804,,
dropout=0.2 sites=mixer select=rank_ic mc_samples=50,5,filter,mc_dropout,0.1,-0.04365140414615338,20.0,237,-0.27907553460763723,0.13324050810753718,-2.0945246950154077,-3.7045513638219,-0.621393038060768,-0.25381009831557777,-0.43671892245892524,0.5416877637130804,,
dropout=0.2 sites=mixer select=rank_ic mc_samples=50,5,penalty,trailing_volatility,0.25,0.36376937460387465,0.0,237,0.3126226773243057,0.13875207523062888,2.2531027143534628,0.7408350772965622,3.847885891837761,-0.04222757846027392,0.1549792894730178,0.48827004219409303,,
dropout=0.2 sites=mixer select=rank_ic mc_samples=50,5,penalty,trailing_volatility,0.25,0.36376937460387465,10.0,237,0.06653457605848291,0.13895171264696501,0.47883235687441644,-1.0133063390940424,2.026969500012058,-0.07522618316747365,-0.09110881179280511,0.48827004219409303,,
dropout=0.2 sites=mixer select=rank_ic mc_samples=50,5,penalty,trailing_volatility,0.25,0.36376937460387465,20.0,237,-0.17955352520734,0.13920492196525908,-1.2898504066698921,-2.7950334222262696,0.21375077093405043,-0.1934328597252425,-0.33719691305862803,0.48827004219409303,,
dropout=0.2 sites=mixer select=rank_ic mc_samples=50,5,filter,trailing_volatility,0.1,-0.016559117270250612,0.0,237,0.3140962240106244,0.132962032068865,2.36230011773545,0.7277260907554478,3.953168794216825,-0.05071193578734545,0.15645283615933633,0.516540084388186,,
dropout=0.2 sites=mixer select=rank_ic mc_samples=50,5,filter,trailing_volatility,0.1,-0.016559117270250612,10.0,237,0.05376002147897866,0.1329764183115589,0.404282369472615,-1.179117155172372,1.921607831093258,-0.09228231089886907,-0.10388336637230938,0.516540084388186,,
dropout=0.2 sites=mixer select=rank_ic mc_samples=50,5,filter,trailing_volatility,0.1,-0.016559117270250612,20.0,237,-0.20657618105266704,0.13305229692649712,-1.552593873420969,-3.1377678748018436,-0.08511251961315768,-0.2066072992786221,-0.36421956890395507,0.516540084388186,,
dropout=0.2 sites=mixer select=rank_ic mc_samples=50,5,consensus,seed_votes,4.0,,10.0,237,-0.0018302565430957452,0.14680798204762008,-0.01246700974680018,-1.4817109040129564,1.530973384316766,-0.10703452053655438,-0.1594736443943838,0.5038746745668374,49.962025316455694,
dropout=0.2 sites=mixer select=rank_ic mc_samples=50,5,market_gate,seed_ensemble,0.8,,10.0,237,-0.09922135883204015,0.12698679837827417,-0.7813517633264127,-2.685893653807284,1.110750389391077,-0.16611646014319748,-0.2568647466833282,0.43654008438818587,,0.17721518987341767
dropout=0.2 sites=mixer select=rank_ic mc_samples=50,5,random_gate,seed_ensemble,0.8,,10.0,237,,,0.20496170053574175,-0.5839049405756477,0.9724676035806971,,,,,0.17721518987341767
dropout=0.2 sites=mixer select=rank_ic mc_samples=50,5,market_gate,mc_dropout,0.8,,10.0,237,-0.006090494472084899,0.1349872356091903,-0.04511903991958068,-1.698341454869332,1.6668596837958836,-0.1352361160415132,-0.16373388232337296,0.4275949367088609,,0.16455696202531644
dropout=0.2 sites=mixer select=rank_ic mc_samples=50,5,random_gate,mc_dropout,0.8,,10.0,237,,,0.17795860622903487,-0.6747914282997168,1.089772625159034,,,,,0.16455696202531644
dropout=0.2 sites=mixer select=rank_ic mc_samples=50,5,market_gate,trailing_volatility,0.8,,10.0,237,-0.004860601817111949,0.1308701546929305,-0.03714064393456788,-1.739438543224406,1.6949617661352505,-0.09331376657102852,-0.1625039896684,0.4089451476793251,,0.18143459915611815
dropout=0.2 sites=mixer select=rank_ic mc_samples=50,5,random_gate,trailing_volatility,0.8,,10.0,237,,,0.17786838983482908,-0.7826441151077206,1.0734922105852336,,,,,0.18143459915611815
dropout=0.2 sites=mixer select=rank_ic mc_samples=50,5,equal_weight_benchmark,none,0.0,,0.0,237,0.157643387851288,0.10399415245209027,1.51588703916707,-0.19151147662330392,3.261181653296747,-0.05163539664062311,0.0,0.0,,
dropout=0.3 sites=mixer select=rank_ic mc_samples=50,5,mu,none,0.0,0.241251880214915,0.0,237,0.3715306147775919,0.1402103678461902,2.649808430608773,1.1454008086392526,4.30112411990371,-0.04010051613261911,0.2138872269263039,0.48742616033755304,,
dropout=0.3 sites=mixer select=rank_ic mc_samples=50,5,mu,none,0.0,0.241251880214915,10.0,237,0.1258678299674652,0.14032281185980366,0.8969876551021484,-0.5896177047714029,2.469550812971304,-0.0671631011719408,-0.0317755578838228,0.48742616033755304,,
dropout=0.3 sites=mixer select=rank_ic mc_samples=50,5,mu,none,0.0,0.241251880214915,20.0,237,-0.11979495484266146,0.14048680316748735,-0.8527132238879604,-2.3305528470218593,0.6675872767582728,-0.15990206947497299,-0.2774383426939495,0.48742616033755304,,
dropout=0.3 sites=mixer select=rank_ic mc_samples=50,5,penalty,seed_ensemble,0.25,0.22723661044889568,0.0,237,0.3339700654634463,0.14069034159351543,2.3737952561687394,0.8305867471905776,4.075489792257644,-0.04934351835727557,0.17632667761215828,0.5095358649789032,,
dropout=0.3 sites=mixer select=rank_ic mc_samples=50,5,penalty,seed_ensemble,0.25,0.22723661044889568,10.0,237,0.07716398951407905,0.14076924066795146,0.548159449805477,-0.997306371840136,2.1694112555772755,-0.0811283572222049,-0.08047939833720896,0.5095358649789032,,
dropout=0.3 sites=mixer select=rank_ic mc_samples=50,5,penalty,seed_ensemble,0.25,0.22723661044889568,20.0,237,-0.17964208643528812,0.14090491419269446,-1.274917113179024,-2.8437320229434677,0.28285117342709415,-0.19466448625634725,-0.3372854742865762,0.5095358649789032,,
dropout=0.3 sites=mixer select=rank_ic mc_samples=50,5,filter,seed_ensemble,0.1,-0.058675914291088836,0.0,237,0.2974759142759506,0.12842929557548818,2.316262134297079,0.7130205659953631,4.173963809307688,-0.058441951090459354,0.13983252642466262,0.6297046413502112,,
dropout=0.3 sites=mixer select=rank_ic mc_samples=50,5,filter,seed_ensemble,0.1,-0.058675914291088836,10.0,237,-0.01989522496455586,0.12851949328408316,-0.1548031699796613,-1.7605158997959323,1.6046184489078064,-0.08797917069154748,-0.17753861281584385,0.6297046413502112,,
dropout=0.3 sites=mixer select=rank_ic mc_samples=50,5,filter,seed_ensemble,0.1,-0.058675914291088836,20.0,237,-0.33726636420506234,0.1286631677895256,-2.6213124548338613,-4.243581619311535,-0.9911918565055576,-0.29025770771305603,-0.49490975205635035,0.6297046413502112,,
dropout=0.3 sites=mixer select=rank_ic mc_samples=50,5,penalty,mc_dropout,0.25,-0.09579852945966659,0.0,237,0.3043300130439162,0.13761895141477154,2.211396104354059,0.7355594224033561,3.84363421590256,-0.047674357078601015,0.14668662519262818,0.4930801687763715,,
dropout=0.3 sites=mixer select=rank_ic mc_samples=50,5,penalty,mc_dropout,0.25,-0.09579852945966659,10.0,237,0.05581760798062495,0.1376728848621195,0.40543646656730353,-1.0462502313821522,1.9500933401629121,-0.07865620940731166,-0.10182577987066312,0.4930801687763715,,
dropout=0.3 sites=mixer select=rank_ic mc_samples=50,5,penalty,mc_dropout,0.25,-0.09579852945966659,20.0,237,-0.19269479708266632,0.13778051973702155,-1.3985634358939738,-2.8630129693690383,0.08692819655723687,-0.2035118992104613,-0.3503381849339543,0.4930801687763715,,
dropout=0.3 sites=mixer select=rank_ic mc_samples=50,5,filter,mc_dropout,0.1,-0.1594985408929443,0.0,237,0.30689470746272146,0.12962746147327778,2.367513056066339,0.911999520371288,3.98224534946897,-0.050331117606070674,0.14925131961143348,0.5534177215189877,,
dropout=0.3 sites=mixer select=rank_ic mc_samples=50,5,filter,mc_dropout,0.1,-0.1594985408929443,10.0,237,0.027972175817151723,0.12966175125334842,0.21573189893522562,-1.2230059305697734,1.7601564511254983,-0.07951934819935791,-0.12967121203413634,0.5534177215189877,,
dropout=0.3 sites=mixer select=rank_ic mc_samples=50,5,filter,mc_dropout,0.1,-0.1594985408929443,20.0,237,-0.250950355828418,0.12974553066539551,-1.9341734126904235,-3.4011984678446754,-0.4381619100188934,-0.2310109668035385,-0.40859374367970613,0.5534177215189877,,
dropout=0.3 sites=mixer select=rank_ic mc_samples=50,5,penalty,trailing_volatility,0.25,0.17428568783889484,0.0,237,0.32870793559260153,0.1306147960712406,2.5166209761818705,1.0175016036525024,4.160397004479857,-0.04521097425270548,0.1710645477413135,0.5122362869198315,,
dropout=0.3 sites=mixer select=rank_ic mc_samples=50,5,penalty,trailing_volatility,0.25,0.17428568783889484,10.0,237,0.07054084698500646,0.13058155603348498,0.5402052872376378,-0.9199015544790563,2.110228096738122,-0.07970575110668732,-0.08710254086628161,0.5122362869198315,,
dropout=0.3 sites=mixer select=rank_ic mc_samples=50,5,penalty,trailing_volatility,0.25,0.17428568783889484,20.0,237,-0.18762624162258862,0.13060232289669568,-1.436622545917487,-2.9191872473625247,0.04206817840139462,-0.19553229653858661,-0.3452696294738766,0.5122362869198315,,
dropout=0.3 sites=mixer select=rank_ic mc_samples=50,5,filter,trailing_volatility,0.1,0.00034560684602206576,0.0,237,0.36879443157329345,0.12626990103138905,2.9206836194606343,1.5142709758735662,4.619381304886495,-0.0413688992652983,0.21115104372200535,0.5345147679324898,,
dropout=0.3 sites=mixer select=rank_ic mc_samples=50,5,filter,trailing_volatility,0.1,0.00034560684602206576,10.0,237,0.09939898853531857,0.12631261679660763,0.7869284245403119,-0.6132859012195163,2.4098258060546582,-0.0711582859105041,-0.05824439931596946,0.5345147679324898,,
dropout=0.3 sites=mixer select=rank_ic mc_samples=50,5,filter,trailing_volatility,0.1,0.00034560684602206576,20.0,237,-0.16999645450265627,0.1264082989062945,-1.3448203636430023,-2.7276663654141187,0.15776637375312777,-0.1860567396800924,-0.32763984235394433,0.5345147679324898,,
dropout=0.3 sites=mixer select=rank_ic mc_samples=50,5,consensus,seed_votes,4.0,,10.0,237,-0.00957805158652007,0.1403018999566297,-0.06826744035170479,-1.6437190863474331,1.5438180338637915,-0.13304064824787298,-0.16722143943780807,0.6038183883970902,49.312236286919834,
dropout=0.3 sites=mixer select=rank_ic mc_samples=50,5,market_gate,seed_ensemble,0.8,,10.0,237,-0.054904236353240994,0.12041686607309011,-0.4559513807635175,-2.274942419453132,1.340319465709797,-0.12237789425775181,-0.21254762420452902,0.4491983122362871,,0.19409282700421937
dropout=0.3 sites=mixer select=rank_ic mc_samples=50,5,random_gate,seed_ensemble,0.8,,10.0,237,,,0.49329709984534,-0.32369729125447727,1.3137829351385424,,,,,0.19409282700421937
dropout=0.3 sites=mixer select=rank_ic mc_samples=50,5,market_gate,mc_dropout,0.8,,10.0,237,0.04022815107844476,0.13193562577958914,0.30490741860465853,-1.3062632015561841,1.9421641496661173,-0.11216298207208775,-0.11741523677284328,0.45012658227848124,,0.14345991561181437
dropout=0.3 sites=mixer select=rank_ic mc_samples=50,5,random_gate,mc_dropout,0.8,,10.0,237,,,0.5947767064825666,-0.23032745285793388,1.5341464600063996,,,,,0.14345991561181437
dropout=0.3 sites=mixer select=rank_ic mc_samples=50,5,market_gate,trailing_volatility,0.8,,10.0,237,0.03455060278610447,0.12613579190775692,0.2739159303123995,-1.350159903774564,2.0229558009491053,-0.08948829891907939,-0.12309278506518356,0.4260759493670888,,0.18143459915611815
dropout=0.3 sites=mixer select=rank_ic mc_samples=50,5,random_gate,trailing_volatility,0.8,,10.0,237,,,0.4985662628687302,-0.3841862975896044,1.3672083094098508,,,,,0.18143459915611815
dropout=0.3 sites=mixer select=rank_ic mc_samples=50,5,equal_weight_benchmark,none,0.0,,0.0,237,0.157643387851288,0.10399415245209027,1.51588703916707,-0.1998177754097362,3.4681767618075097,-0.05163539664062311,0.0,0.0,,
