group,quantity,seeds,single_model_mean,single_model_std,ensemble,ensemble_ci_low,ensemble_ci_high
dropout=0.0 select=rank_ic,rank_ic,5,0.030031960221927508,0.004076948179783876,0.036971182518932964,0.02582057864195492,0.048145308554358335
dropout=0.0 select=rank_ic,neutral_rank_ic,5,0.023907980715043978,0.004915320197655915,0.0307704045274997,0.02046621031612231,0.04068809298649923
dropout=0.0 select=rank_ic,corr_reversal_1d,5,0.33912739168238,0.04566690116659548,0.37371624479106,0.3620961693328167,0.3858605276887855
dropout=0.0 select=rank_ic,corr_reversal_5d,5,0.5034219703413323,0.15176033093529542,0.5459081511425091,0.5238350013739069,0.5675181988117195
dropout=0.0 select=rank_ic,corr_reversal_16d,5,0.40384628739553746,0.1795280486764271,0.42238168899841716,0.3930049628168761,0.452388434105555
dropout=0.0 select=rank_ic,corr_low_volatility_16d,5,-0.13715852113668098,0.05276684396731324,-0.18000595478045656,-0.21348019274091323,-0.14529452288067715
simple factors,rank_ic_reversal_1d,0,,,0.03247917292905327,0.015777628849988873,0.048469327491329935
simple factors,rank_ic_reversal_5d,0,,,0.013485760045402077,0.00020354046945186323,0.02572417021454747
simple factors,rank_ic_reversal_16d,0,,,0.015002709227225635,0.0028006931170322194,0.027459691168258298
simple factors,rank_ic_low_volatility_16d,0,,,0.006440659488407266,-0.0072960342752051936,0.020406186258313922
dropout=0.1 sites=mixer select=rank_ic mc_samples=50,rank_ic,5,0.029347846094609543,0.009700190460308972,0.04113307506421869,0.02998907316511007,0.052084180989762266
dropout=0.1 sites=mixer select=rank_ic mc_samples=50,neutral_rank_ic,5,0.021080662688207474,0.008347613908614927,0.03349194473070201,0.025712425492915348,0.04080205053574289
dropout=0.1 sites=mixer select=rank_ic mc_samples=50,corr_reversal_1d,5,0.40772077873667456,0.08338855141489002,0.5234305481900412,0.5146148894434053,0.5324891628601828
dropout=0.1 sites=mixer select=rank_ic mc_samples=50,corr_reversal_5d,5,0.5033839770498992,0.0714524171128885,0.5943430571901329,0.5761465377857846,0.6142177509862192
dropout=0.1 sites=mixer select=rank_ic mc_samples=50,corr_reversal_16d,5,0.37076117274667164,0.07515152713376441,0.4130489085386711,0.39042390411623645,0.43736545923948267
dropout=0.1 sites=mixer select=rank_ic mc_samples=50,corr_low_volatility_16d,5,-0.1070997191903863,0.09646445355217141,-0.0764568742030932,-0.11546035967490531,-0.03816663140764993
dropout=0.2 sites=mixer select=rank_ic mc_samples=50,rank_ic,5,0.025185636185386873,0.006789290582547741,0.03720750812693154,0.024394955850397106,0.04953471243890438
dropout=0.2 sites=mixer select=rank_ic mc_samples=50,neutral_rank_ic,5,0.013291494901101413,0.009150568340566238,0.02619973360938416,0.017371837094024803,0.03522387430322452
dropout=0.2 sites=mixer select=rank_ic mc_samples=50,corr_reversal_1d,5,0.45816835438913917,0.11592959095353633,0.5296706683346127,0.518934220934181,0.5401026639503993
dropout=0.2 sites=mixer select=rank_ic mc_samples=50,corr_reversal_5d,5,0.5098452775436217,0.15772673759993827,0.5789605972982774,0.5571890600486145,0.600036157540722
dropout=0.2 sites=mixer select=rank_ic mc_samples=50,corr_reversal_16d,5,0.3617967983353586,0.10817221259373046,0.3802000849685459,0.3533361844613771,0.4084601591638602
dropout=0.2 sites=mixer select=rank_ic mc_samples=50,corr_low_volatility_16d,5,-0.05115815298058997,0.0997092610193711,0.005871796884361595,-0.032097046488071546,0.04400755032046944
dropout=0.3 sites=mixer select=rank_ic mc_samples=50,rank_ic,5,0.024197429745113803,0.009888659944604337,0.04068249049133655,0.029166344648342318,0.05167319738702989
dropout=0.3 sites=mixer select=rank_ic mc_samples=50,neutral_rank_ic,5,0.012760853310082101,0.011979018893034704,0.029760204998170614,0.020941165209791206,0.038331751980483164
dropout=0.3 sites=mixer select=rank_ic mc_samples=50,corr_reversal_1d,5,0.4367187013217594,0.11884779967238486,0.5159019523444145,0.5046596165669434,0.5257034402814255
dropout=0.3 sites=mixer select=rank_ic mc_samples=50,corr_reversal_5d,5,0.37729589230522825,0.16974959540565024,0.5175082512815283,0.49716011345383615,0.5380384049919534
dropout=0.3 sites=mixer select=rank_ic mc_samples=50,corr_reversal_16d,5,0.23770673266868267,0.10423811535045129,0.2709876981664833,0.23985365695418,0.3046498611951514
dropout=0.3 sites=mixer select=rank_ic mc_samples=50,corr_low_volatility_16d,5,-0.02783280673096849,0.1322305022876732,0.013093897517248617,-0.02051766364600594,0.046528806600409825
