group,seed,model,theta,test_log_likelihood,test_coverage_90,mean_sigma,mc_share_of_variance,ci_low,ci_high
dropout=0.1 sites=mixer select=rank_ic mc_samples=50,20260813,mc_only,1.0,0.5420454978706813,0.5677764026402641,0.014857972972095013,,,
dropout=0.1 sites=mixer select=rank_ic mc_samples=50,20260813,mc_plus_noise,0.0010103171420904296,1.9784821533783041,0.9380115511551155,0.03566240891814232,0.171076238155365,,
dropout=0.1 sites=mixer select=rank_ic mc_samples=50,20260813,mc_scaled,5.763239849404708,2.00391849961604,0.9246493399339935,0.03566916659474373,,,
dropout=0.1 sites=mixer select=rank_ic mc_samples=50,20260813,constant,0.0004942236766682244,2.5045131577482516,0.9538655115511551,0.022231141105294228,,,
dropout=0.1 sites=mixer select=rank_ic mc_samples=50,20260813,volatility,1.6760110507574932,2.6098678230002736,0.9306023102310231,0.020381609718551134,,,
dropout=0.1 sites=mixer select=rank_ic mc_samples=50,20260813,volatility_with_model_mean,72.95771244076677,0.7757336152586293,0.9856518151815181,0.13447317112198806,,,
dropout=0.1 sites=mixer select=rank_ic mc_samples=50,20260813,mc_plus_noise_minus_volatility,,-0.6311042028634043,,,,-0.6863286502815672,-0.5754535282750587
dropout=0.1 sites=mixer select=rank_ic mc_samples=50,20260813,mc_plus_noise_minus_volatility_with_model_mean,,1.2023290386431333,,,,1.1233542230941798,1.2894892428736244
dropout=0.1 sites=mixer select=rank_ic mc_samples=50,20260813,mc_plus_noise_minus_constant,,-0.5259004105741907,,,,-0.5580063464440288,-0.49827124315903915
dropout=0.1 sites=mixer select=rank_ic mc_samples=50,20260813,mc_plus_noise_minus_mc_scaled,,-0.02550127703799942,,,,-0.03941097191024336,-0.01048661198816281
dropout=0.1 sites=mixer select=rank_ic mc_samples=50,20260814,mc_only,1.0,-37.55618541808756,0.23317656765676567,0.002704772399738431,,,
dropout=0.1 sites=mixer select=rank_ic mc_samples=50,20260814,mc_plus_noise,0.0006354828919049266,2.3675717717659945,0.9492120462046204,0.025443309918045998,0.01653829589486122,,
dropout=0.1 sites=mixer select=rank_ic mc_samples=50,20260814,mc_scaled,72.4159670392896,2.434553267226413,0.9129537953795379,0.023016955703496933,,,
dropout=0.1 sites=mixer select=rank_ic mc_samples=50,20260814,constant,0.0004942236766682244,2.5045131577482516,0.9538655115511551,0.022231141105294228,,,
dropout=0.1 sites=mixer select=rank_ic mc_samples=50,20260814,volatility,1.6760110507574932,2.6098678230002736,0.9306023102310231,0.020381609718551134,,,
dropout=0.1 sites=mixer select=rank_ic mc_samples=50,20260814,volatility_with_model_mean,2.1143020123114318,2.521143680729414,0.9296864686468647,0.022891990331750618,,,
dropout=0.1 sites=mixer select=rank_ic mc_samples=50,20260814,mc_plus_noise_minus_volatility,,-0.2421574354592311,,,,-0.28085944181386185,-0.19809024395203673
dropout=0.1 sites=mixer select=rank_ic mc_samples=50,20260814,mc_plus_noise_minus_volatility_with_model_mean,,-0.15346218246426588,,,,-0.18151117604544628,-0.12176904106137396
dropout=0.1 sites=mixer select=rank_ic mc_samples=50,20260814,mc_plus_noise_minus_constant,,-0.1369536431700175,,,,-0.14519199228183885,-0.12864797234519404
dropout=0.1 sites=mixer select=rank_ic mc_samples=50,20260814,mc_plus_noise_minus_mc_scaled,,-0.06688033757378381,,,,-0.09759240785508394,-0.03594166934335577
dropout=0.1 sites=mixer select=rank_ic mc_samples=50,20260815,mc_only,1.0,-53.54084536490169,0.1726443894389439,0.003047333797439933,,,
dropout=0.1 sites=mixer select=rank_ic mc_samples=50,20260815,mc_plus_noise,0.0005886391085548143,2.3712081680117367,0.9473927392739274,0.02459356188774109,0.02365342527627945,,
dropout=0.1 sites=mixer select=rank_ic mc_samples=50,20260815,mc_scaled,99.44172705592348,2.236699714715519,0.9111097359735973,0.030388159677386284,,,
dropout=0.1 sites=mixer select=rank_ic mc_samples=50,20260815,constant,0.0004942236766682244,2.5045131577482516,0.9538655115511551,0.022231141105294228,,,
dropout=0.1 sites=mixer select=rank_ic mc_samples=50,20260815,volatility,1.6760110507574932,2.6098678230002736,0.9306023102310231,0.020381609718551134,,,
dropout=0.1 sites=mixer select=rank_ic mc_samples=50,20260815,volatility_with_model_mean,8.583983380229588,1.8627520823870993,0.9726278877887788,0.04612585997798532,,,
dropout=0.1 sites=mixer select=rank_ic mc_samples=50,20260815,mc_plus_noise_minus_volatility,,-0.23858003481158985,,,,-0.27699101134417314,-0.19660005737435374
dropout=0.1 sites=mixer select=rank_ic mc_samples=50,20260815,mc_plus_noise_minus_volatility_with_model_mean,,0.5081233565153966,,,,0.44971026499957745,0.5717418167069341
dropout=0.1 sites=mixer select=rank_ic mc_samples=50,20260815,mc_plus_noise_minus_constant,,-0.1333762425223762,,,,-0.14976013041220712,-0.11725509271949253
dropout=0.1 sites=mixer select=rank_ic mc_samples=50,20260815,mc_plus_noise_minus_mc_scaled,,0.13464539541681178,,,,0.10309483128013835,0.1727406716713023
dropout=0.1 sites=mixer select=rank_ic mc_samples=50,20260816,mc_only,1.0,-5.878804759345826,0.3894430693069307,0.006029731128364801,,,
dropout=0.1 sites=mixer select=rank_ic mc_samples=50,20260816,mc_plus_noise,0.0007992332854546997,2.226840711393372,0.9436468646864686,0.029197705909609795,0.05100139603018761,,
dropout=0.1 sites=mixer select=rank_ic mc_samples=50,20260816,mc_scaled,26.74518224872316,2.302856910431699,0.944983498349835,0.03118320181965828,,,
dropout=0.1 sites=mixer select=rank_ic mc_samples=50,20260816,constant,0.0004942236766682244,2.5045131577482516,0.9538655115511551,0.022231141105294228,,,
dropout=0.1 sites=mixer select=rank_ic mc_samples=50,20260816,volatility,1.6760110507574932,2.6098678230002736,0.9306023102310231,0.020381609718551134,,,
dropout=0.1 sites=mixer select=rank_ic mc_samples=50,20260816,volatility_with_model_mean,9.203610362917681,1.907274839981933,0.9779785478547854,0.047761631601563506,,,
dropout=0.1 sites=mixer select=rank_ic mc_samples=50,20260816,mc_plus_noise_minus_volatility,,-0.3829173817537427,,,,-0.42594110922418765,-0.3352451310334529
dropout=0.1 sites=mixer select=rank_ic mc_samples=50,20260816,mc_plus_noise_minus_volatility_with_model_mean,,0.31947452821036826,,,,0.24890532098408405,0.40563420786816506
dropout=0.1 sites=mixer select=rank_ic mc_samples=50,20260816,mc_plus_noise_minus_constant,,-0.27771358946452906,,,,-0.2923462408275241,-0.26201741104145343
dropout=0.1 sites=mixer select=rank_ic mc_samples=50,20260816,mc_plus_noise_minus_mc_scaled,,-0.076000698594156,,,,-0.08731870020680157,-0.06382784068538418
dropout=0.1 sites=mixer select=rank_ic mc_samples=50,20260817,mc_only,1.0,-0.5932933448618984,0.4945709570957096,0.012784667313098907,,,
dropout=0.1 sites=mixer select=rank_ic mc_samples=50,20260817,mc_plus_noise,0.0011362475537083961,1.9683800912144358,0.9419554455445545,0.03659652918577194,0.1246800422668457,,
dropout=0.1 sites=mixer select=rank_ic mc_samples=50,20260817,mc_scaled,7.36394244316238,1.9748320913980923,0.8992285478547855,0.03469322621822357,,,
dropout=0.1 sites=mixer select=rank_ic mc_samples=50,20260817,constant,0.0004942236766682244,2.5045131577482516,0.9538655115511551,0.022231141105294228,,,
dropout=0.1 sites=mixer select=rank_ic mc_samples=50,20260817,volatility,1.6760110507574932,2.6098678230002736,0.9306023102310231,0.020381609718551134,,,
dropout=0.1 sites=mixer select=rank_ic mc_samples=50,20260817,volatility_with_model_mean,57.70845898024277,0.5601110727804357,0.9844141914191419,0.11959686094258204,,,
dropout=0.1 sites=mixer select=rank_ic mc_samples=50,20260817,mc_plus_noise_minus_volatility,,-0.6412524207838495,,,,-0.6970671968559409,-0.5848036318816072
dropout=0.1 sites=mixer select=rank_ic mc_samples=50,20260817,mc_plus_noise_minus_volatility_with_model_mean,,1.4078177919493624,,,,1.2353013916591302,1.6115658015746583
dropout=0.1 sites=mixer select=rank_ic mc_samples=50,20260817,mc_plus_noise_minus_constant,,-0.5360486284946357,,,,-0.5643313275467341,-0.5080426812333491
dropout=0.1 sites=mixer select=rank_ic mc_samples=50,20260817,mc_plus_noise_minus_mc_scaled,,-0.006503902446417256,,,,-0.03017573346685276,0.02003927340569214
dropout=0.2 sites=mixer select=rank_ic mc_samples=50,20260813,mc_only,1.0,-21.144313967178267,0.26254950495049506,0.003326105186715722,,,
dropout=0.2 sites=mixer select=rank_ic mc_samples=50,20260813,mc_plus_noise,0.0006057787996443431,2.391435339050521,0.9504785478547855,0.024956412613391876,0.02408614195883274,,
dropout=0.2 sites=mixer select=rank_ic mc_samples=50,20260813,mc_scaled,38.401230065278554,2.4324571216911988,0.8966955445544554,0.02061145193874836,,,
dropout=0.2 sites=mixer select=rank_ic mc_samples=50,20260813,constant,0.0004942236766682244,2.5045131577482516,0.9538655115511551,0.022231141105294228,,,
dropout=0.2 sites=mixer select=rank_ic mc_samples=50,20260813,volatility,1.6760110507574932,2.6098678230002736,0.9306023102310231,0.020381609718551134,,,
dropout=0.2 sites=mixer select=rank_ic mc_samples=50,20260813,volatility_with_model_mean,3.1804173921800216,2.340049061104027,0.9511344884488449,0.028076444026070957,,,
dropout=0.2 sites=mixer select=rank_ic mc_samples=50,20260813,mc_plus_noise_minus_volatility,,-0.2183326978400443,,,,-0.2568986541303382,-0.17909117540413766
dropout=0.2 sites=mixer select=rank_ic mc_samples=50,20260813,mc_plus_noise_minus_volatility_with_model_mean,,0.051350504634589865,,,,0.01721351478071471,0.08504831276930029
dropout=0.2 sites=mixer select=rank_ic mc_samples=50,20260813,mc_plus_noise_minus_constant,,-0.11312890555083069,,,,-0.12286282194360289,-0.10385893072891304
dropout=0.2 sites=mixer select=rank_ic mc_samples=50,20260813,mc_plus_noise_minus_mc_scaled,,-0.04086764731411749,,,,-0.08451272315449321,0.000988345859537968
dropout=0.2 sites=mixer select=rank_ic mc_samples=50,20260814,mc_only,1.0,-0.3882816281912252,0.5331476897689769,0.010937516577541828,,,
dropout=0.2 sites=mixer select=rank_ic mc_samples=50,20260814,mc_plus_noise,0.0010287829739788906,2.062262957832306,0.944026402640264,0.03436530753970146,0.10590869933366776,,
dropout=0.2 sites=mixer select=rank_ic mc_samples=50,20260814,mc_scaled,8.914887895412432,2.1426529394784306,0.9261097359735974,0.03265702351927757,,,
dropout=0.2 sites=mixer select=rank_ic mc_samples=50,20260814,constant,0.0004942236766682244,2.5045131577482516,0.9538655115511551,0.022231141105294228,,,
dropout=0.2 sites=mixer select=rank_ic mc_samples=50,20260814,volatility,1.6760110507574932,2.6098678230002736,0.9306023102310231,0.020381609718551134,,,
dropout=0.2 sites=mixer select=rank_ic mc_samples=50,20260814,volatility_with_model_mean,10.151947505508518,1.7645474296294492,0.9686303630363037,0.05016198615201695,,,
dropout=0.2 sites=mixer select=rank_ic mc_samples=50,20260814,mc_plus_noise_minus_volatility,,-0.5473872166840504,,,,-0.600450390162154,-0.4951267755061503
dropout=0.2 sites=mixer select=rank_ic mc_samples=50,20260814,mc_plus_noise_minus_volatility_with_model_mean,,0.2975422746105775,,,,0.23552648441524357,0.3605802101238335
dropout=0.2 sites=mixer select=rank_ic mc_samples=50,20260814,mc_plus_noise_minus_constant,,-0.442183424394837,,,,-0.4670386115635024,-0.4193733750299662
dropout=0.2 sites=mixer select=rank_ic mc_samples=50,20260814,mc_plus_noise_minus_mc_scaled,,-0.08044479846451864,,,,-0.0959086974816148,-0.06478646419555793
dropout=0.2 sites=mixer select=rank_ic mc_samples=50,20260815,mc_only,1.0,-47.59050587151581,0.24989686468646866,0.002806759672239423,,,
dropout=0.2 sites=mixer select=rank_ic mc_samples=50,20260815,mc_plus_noise,0.00046870044262111506,2.501115765169558,0.9498102310231024,0.02197698876261711,0.02560998499393463,,
dropout=0.2 sites=mixer select=rank_ic mc_samples=50,20260815,mc_scaled,94.65420733710559,2.4000856696594473,0.9269925742574258,0.027307074517011642,,,
dropout=0.2 sites=mixer select=rank_ic mc_samples=50,20260815,constant,0.0004942236766682244,2.5045131577482516,0.9538655115511551,0.022231141105294228,,,
dropout=0.2 sites=mixer select=rank_ic mc_samples=50,20260815,volatility,1.6760110507574932,2.6098678230002736,0.9306023102310231,0.020381609718551134,,,
dropout=0.2 sites=mixer select=rank_ic mc_samples=50,20260815,volatility_with_model_mean,2.0205686451039027,2.534612252311938,0.937273102310231,0.022378802676360318,,,
dropout=0.2 sites=mixer select=rank_ic mc_samples=50,20260815,mc_plus_noise_minus_volatility,,-0.10861992629289964,,,,-0.14428638112953093,-0.06828690205503185
dropout=0.2 sites=mixer select=rank_ic mc_samples=50,20260815,mc_plus_noise_minus_volatility_with_model_mean,,-0.03343145747311269,,,,-0.06602188008375812,0.0012096440509466783
dropout=0.2 sites=mixer select=rank_ic mc_samples=50,20260815,mc_plus_noise_minus_constant,,-0.0034161340036860523,,,,-0.008480402872524254,0.0017311561234192268
dropout=0.2 sites=mixer select=rank_ic mc_samples=50,20260815,mc_plus_noise_minus_mc_scaled,,0.1011218078382258,,,,0.060271942416971945,0.14132391650404463
dropout=0.2 sites=mixer select=rank_ic mc_samples=50,20260816,mc_only,1.0,-9.3554618512828,0.3610932343234323,0.0055678896605968475,,,
dropout=0.2 sites=mixer select=rank_ic mc_samples=50,20260816,mc_plus_noise,0.0007852655755967305,2.229027889954916,0.9418729372937293,0.02888011932373047,0.04742485657334328,,
dropout=0.2 sites=mixer select=rank_ic mc_samples=50,20260816,mc_scaled,30.517953697898825,2.285790328806218,0.9302351485148515,0.030758725479245186,,,
dropout=0.2 sites=mixer select=rank_ic mc_samples=50,20260816,constant,0.0004942236766682244,2.5045131577482516,0.9538655115511551,0.022231141105294228,,,
dropout=0.2 sites=mixer select=rank_ic mc_samples=50,20260816,volatility,1.6760110507574932,2.6098678230002736,0.9306023102310231,0.020381609718551134,,,
dropout=0.2 sites=mixer select=rank_ic mc_samples=50,20260816,volatility_with_model_mean,3.633659729107069,2.2293278769170404,0.9398019801980197,0.030010426678100187,,,
dropout=0.2 sites=mixer select=rank_ic mc_samples=50,20260816,mc_plus_noise_minus_volatility,,-0.3807000050544863,,,,-0.4263798381964857,-0.33233594309420983
dropout=0.2 sites=mixer select=rank_ic mc_samples=50,20260816,mc_plus_noise_minus_volatility_with_model_mean,,-0.00046780031307127115,,,,-0.03832999331253723,0.043584195690793345
dropout=0.2 sites=mixer select=rank_ic mc_samples=50,20260816,mc_plus_noise_minus_constant,,-0.2754962127652728,,,,-0.2905982895192919,-0.26096926638177503
dropout=0.2 sites=mixer select=rank_ic mc_samples=50,20260816,mc_plus_noise_minus_mc_scaled,,-0.05675616751230453,,,,-0.07382841725311128,-0.0406327987401907
dropout=0.2 sites=mixer select=rank_ic mc_samples=50,20260817,mc_only,1.0,-1.1236513209254435,0.4643688118811881,0.013242699205875397,,,
dropout=0.2 sites=mixer select=rank_ic mc_samples=50,20260817,mc_plus_noise,0.0012513049204608273,1.911361455486368,0.9404125412541254,0.038369808346033096,0.12318453192710876,,
dropout=0.2 sites=mixer select=rank_ic mc_samples=50,20260817,mc_scaled,7.669209988194226,1.8853536885328486,0.8844843234323433,0.03667345643043518,,,
dropout=0.2 sites=mixer select=rank_ic mc_samples=50,20260817,constant,0.0004942236766682244,2.5045131577482516,0.9538655115511551,0.022231141105294228,,,
dropout=0.2 sites=mixer select=rank_ic mc_samples=50,20260817,volatility,1.6760110507574932,2.6098678230002736,0.9306023102310231,0.020381609718551134,,,
dropout=0.2 sites=mixer select=rank_ic mc_samples=50,20260817,volatility_with_model_mean,91.97051200823577,0.5001157520727596,0.987013201320132,0.15098171157918944,,,
dropout=0.2 sites=mixer select=rank_ic mc_samples=50,20260817,mc_plus_noise_minus_volatility,,-0.6982516626951838,,,,-0.7580878214386813,-0.6372689485317186
dropout=0.2 sites=mixer select=rank_ic mc_samples=50,20260817,mc_plus_noise_minus_volatility_with_model_mean,,1.4110954085260867,,,,1.2699161591155168,1.5807614921594757
dropout=0.2 sites=mixer select=rank_ic mc_samples=50,20260817,mc_plus_noise_minus_constant,,-0.5930478704059701,,,,-0.6284131649799116,-0.562827513645719
dropout=0.2 sites=mixer select=rank_ic mc_samples=50,20260817,mc_plus_noise_minus_mc_scaled,,0.025950006792569293,,,,-0.004507883875768429,0.06168994091358954
dropout=0.3 sites=mixer select=rank_ic mc_samples=50,20260813,mc_only,1.0,-9.05007139713113,0.31516914191419143,0.0049237534403800964,,,
dropout=0.3 sites=mixer select=rank_ic mc_samples=50,20260813,mc_plus_noise,0.0006050554270117755,2.348773000765063,0.9457260726072607,0.025272784754633904,0.04636232182383537,,
dropout=0.3 sites=mixer select=rank_ic mc_samples=50,20260813,mc_scaled,25.602218043484154,2.3735196482006495,0.9217450495049505,0.024913519620895386,,,
dropout=0.3 sites=mixer select=rank_ic mc_samples=50,20260813,constant,0.0004942236766682244,2.5045131577482516,0.9538655115511551,0.022231141105294228,,,
dropout=0.3 sites=mixer select=rank_ic mc_samples=50,20260813,volatility,1.6760110507574932,2.6098678230002736,0.9306023102310231,0.020381609718551134,,,
dropout=0.3 sites=mixer select=rank_ic mc_samples=50,20260813,volatility_with_model_mean,4.997421256723302,2.117517624761428,0.961006600660066,0.035194355951710575,,,
dropout=0.3 sites=mixer select=rank_ic mc_samples=50,20260813,mc_plus_noise_minus_volatility,,-0.26084125444062434,,,,-0.31066924987639044,-0.20512781850385609
dropout=0.3 sites=mixer select=rank_ic mc_samples=50,20260813,mc_plus_noise_minus_volatility_with_model_mean,,0.23109728590067516,,,,0.1917467620300248,0.2727356081150034
dropout=0.3 sites=mixer select=rank_ic mc_samples=50,20260813,mc_plus_noise_minus_constant,,-0.15563746215141072,,,,-0.17278471345574584,-0.13873968677571283
dropout=0.3 sites=mixer select=rank_ic mc_samples=50,20260813,mc_plus_noise_minus_mc_scaled,,-0.02476247568035237,,,,-0.04031234624617612,-0.008528670040774946
dropout=0.3 sites=mixer select=rank_ic mc_samples=50,20260814,mc_only,1.0,0.4986811481268689,0.5893069306930693,0.015368147753179073,,,
dropout=0.3 sites=mixer select=rank_ic mc_samples=50,20260814,mc_plus_noise,0.0012122226012663277,1.9269786378559304,0.9390676567656766,0.03867568075656891,0.15684713423252106,,
dropout=0.3 sites=mixer select=rank_ic mc_samples=50,20260814,mc_scaled,6.043019677985545,1.970598388464128,0.9209777227722772,0.037778835743665695,,,
dropout=0.3 sites=mixer select=rank_ic mc_samples=50,20260814,constant,0.0004942236766682244,2.5045131577482516,0.9538655115511551,0.022231141105294228,,,
dropout=0.3 sites=mixer select=rank_ic mc_samples=50,20260814,volatility,1.6760110507574932,2.6098678230002736,0.9306023102310231,0.020381609718551134,,,
dropout=0.3 sites=mixer select=rank_ic mc_samples=50,20260814,volatility_with_model_mean,7.091279266960251,1.8328194550011156,0.9261798679867986,0.041923963744702274,,,
dropout=0.3 sites=mixer select=rank_ic mc_samples=50,20260814,mc_plus_noise_minus_volatility,,-0.6826279439693772,,,,-0.7401854507656821,-0.6271274566338412
dropout=0.3 sites=mixer select=rank_ic mc_samples=50,20260814,mc_plus_noise_minus_volatility_with_model_mean,,0.09381487612983982,,,,-0.0014158576439600866,0.20756514671699078
dropout=0.3 sites=mixer select=rank_ic mc_samples=50,20260814,mc_plus_noise_minus_constant,,-0.5774241516801637,,,,-0.6101961822526596,-0.5463770060829294
dropout=0.3 sites=mixer select=rank_ic mc_samples=50,20260814,mc_plus_noise_minus_mc_scaled,,-0.04368481090137506,,,,-0.06124379759068857,-0.025240358320479245
dropout=0.3 sites=mixer select=rank_ic mc_samples=50,20260815,mc_only,1.0,-49.11566687223001,0.20687293729372938,0.002502460964024067,,,
dropout=0.3 sites=mixer select=rank_ic mc_samples=50,20260815,mc_plus_noise,0.0004883109474712807,2.4850547478030816,0.9506023102310232,0.02233940362930298,0.01917947083711624,,
dropout=0.3 sites=mixer select=rank_ic mc_samples=50,20260815,mc_scaled,94.6458741878465,2.4424966869664706,0.9223102310231023,0.02434547431766987,,,
dropout=0.3 sites=mixer select=rank_ic mc_samples=50,20260815,constant,0.0004942236766682244,2.5045131577482516,0.9538655115511551,0.022231141105294228,,,
dropout=0.3 sites=mixer select=rank_ic mc_samples=50,20260815,volatility,1.6760110507574932,2.6098678230002736,0.9306023102310231,0.020381609718551134,,,
dropout=0.3 sites=mixer select=rank_ic mc_samples=50,20260815,volatility_with_model_mean,3.106495546495254,2.3436724328754543,0.9539150165016501,0.027748237941023726,,,
dropout=0.3 sites=mixer select=rank_ic mc_samples=50,20260815,mc_plus_noise_minus_volatility,,-0.12469733737550023,,,,-0.1599901029263401,-0.08651840941725125
dropout=0.3 sites=mixer select=rank_ic mc_samples=50,20260815,mc_plus_noise_minus_volatility_with_model_mean,,0.14127862343732556,,,,0.10687848045156195,0.18108483853690793
dropout=0.3 sites=mixer select=rank_ic mc_samples=50,20260815,mc_plus_noise_minus_constant,,-0.019493545086286642,,,,-0.02794749761888004,-0.011302063989868326
dropout=0.3 sites=mixer select=rank_ic mc_samples=50,20260815,mc_plus_noise_minus_mc_scaled,,0.04266440112328194,,,,0.005010940651982932,0.08187036255457761
dropout=0.3 sites=mixer select=rank_ic mc_samples=50,20260816,mc_only,1.0,-72.86716830036255,0.1708910891089109,0.0026633935049176216,,,
dropout=0.3 sites=mixer select=rank_ic mc_samples=50,20260816,mc_plus_noise,0.0006544601177758647,2.2866432857019183,0.9423968646864687,0.0258355513215065,0.017180485650897026,,
dropout=0.3 sites=mixer select=rank_ic mc_samples=50,20260816,mc_scaled,149.49423228862813,2.238194328419973,0.9250907590759075,0.03256473317742348,,,
dropout=0.3 sites=mixer select=rank_ic mc_samples=50,20260816,constant,0.0004942236766682244,2.5045131577482516,0.9538655115511551,0.022231141105294228,,,
dropout=0.3 sites=mixer select=rank_ic mc_samples=50,20260816,volatility,1.6760110507574932,2.6098678230002736,0.9306023102310231,0.020381609718551134,,,
dropout=0.3 sites=mixer select=rank_ic mc_samples=50,20260816,volatility_with_model_mean,5.399112119721292,2.0660281452837976,0.9629661716171617,0.03658147522892393,,,
dropout=0.3 sites=mixer select=rank_ic mc_samples=50,20260816,mc_plus_noise_minus_volatility,,-0.3230107780571875,,,,-0.3863597491459535,-0.2650488928717794
dropout=0.3 sites=mixer select=rank_ic mc_samples=50,20260816,mc_plus_noise_minus_volatility_with_model_mean,,0.2204527039754221,,,,0.16931992829226444,0.27079111242991694
dropout=0.3 sites=mixer select=rank_ic mc_samples=50,20260816,mc_plus_noise_minus_constant,,-0.21780698576797394,,,,-0.25389535531121893,-0.18729883176835305
dropout=0.3 sites=mixer select=rank_ic mc_samples=50,20260816,mc_plus_noise_minus_mc_scaled,,0.0486830270376625,,,,-0.0007483414358690533,0.09049024727823105
dropout=0.3 sites=mixer select=rank_ic mc_samples=50,20260817,mc_only,1.0,-2.587311666012302,0.396996699669967,0.013457518070936203,,,
dropout=0.3 sites=mixer select=rank_ic mc_samples=50,20260817,mc_plus_noise,0.001410851628396722,1.8208837451257132,0.933976897689769,0.040549810975790024,0.11619522422552109,,
dropout=0.3 sites=mixer select=rank_ic mc_samples=50,20260817,mc_scaled,8.631937214898715,1.7212077590718264,0.8515635313531353,0.03953839838504791,,,
dropout=0.3 sites=mixer select=rank_ic mc_samples=50,20260817,constant,0.0004942236766682244,2.5045131577482516,0.9538655115511551,0.022231141105294228,,,
dropout=0.3 sites=mixer select=rank_ic mc_samples=50,20260817,volatility,1.6760110507574932,2.6098678230002736,0.9306023102310231,0.020381609718551134,,,
dropout=0.3 sites=mixer select=rank_ic mc_samples=50,20260817,volatility_with_model_mean,96.64152998098098,0.43997588912029634,0.9852392739273927,0.15476827449187547,,,
dropout=0.3 sites=mixer select=rank_ic mc_samples=50,20260817,mc_plus_noise_minus_volatility,,-0.7886453830338401,,,,-0.8597059471366549,-0.7206702002488398
dropout=0.3 sites=mixer select=rank_ic mc_samples=50,20260817,mc_plus_noise_minus_volatility_with_model_mean,,1.3806495031363093,,,,1.2590933837005558,1.533243633845093
dropout=0.3 sites=mixer select=rank_ic mc_samples=50,20260817,mc_plus_noise_minus_constant,,-0.6834415907446267,,,,-0.7289740076574945,-0.6435401879192147
dropout=0.3 sites=mixer select=rank_ic mc_samples=50,20260817,mc_plus_noise_minus_mc_scaled,,0.09958416270122848,,,,0.05472522518240303,0.15554815466669514
