group,seed,sigma_vs_abs_prediction,sigma_vs_volatility,sigma_mean
dropout=0.1 sites=mixer select=rank_ic mc_samples=50,20260813,-0.05689422791389205,0.3302851081495156,0.014857972972095013
dropout=0.1 sites=mixer select=rank_ic mc_samples=50,20260814,0.47428013701148447,0.35820503729912473,0.002704772399738431
dropout=0.1 sites=mixer select=rank_ic mc_samples=50,20260815,0.1762682153069477,0.5733606637840616,0.003047333797439933
dropout=0.1 sites=mixer select=rank_ic mc_samples=50,20260816,0.3397780111977977,0.3298595991705035,0.006029731128364801
dropout=0.1 sites=mixer select=rank_ic mc_samples=50,20260817,0.2811020911958266,0.46186437623158655,0.012784667313098907
dropout=0.2 sites=mixer select=rank_ic mc_samples=50,20260813,0.3384934243425435,0.44182251303668135,0.003326105186715722
dropout=0.2 sites=mixer select=rank_ic mc_samples=50,20260814,0.3627626600708504,0.4810218450450846,0.010937516577541828
dropout=0.2 sites=mixer select=rank_ic mc_samples=50,20260815,0.3221288636176928,0.5580915353444831,0.002806759672239423
dropout=0.2 sites=mixer select=rank_ic mc_samples=50,20260816,0.3131280978416955,0.33314155950235386,0.0055678896605968475
dropout=0.2 sites=mixer select=rank_ic mc_samples=50,20260817,0.19518398353899433,0.5066294151059972,0.013242699205875397
dropout=0.3 sites=mixer select=rank_ic mc_samples=50,20260813,0.23694355277307663,0.47318123952819635,0.0049237534403800964
dropout=0.3 sites=mixer select=rank_ic mc_samples=50,20260814,0.4264931521523093,0.420619225476321,0.015368147753179073
dropout=0.3 sites=mixer select=rank_ic mc_samples=50,20260815,0.12544767724671596,0.5995657480422264,0.002502460964024067
dropout=0.3 sites=mixer select=rank_ic mc_samples=50,20260816,0.26373684771601785,0.33736415656566315,0.0026633935049176216
dropout=0.3 sites=mixer select=rank_ic mc_samples=50,20260817,0.21073804329310933,0.5241334159884181,0.013457518070936203
