group,prediction,seeds,ic_mean,ic_std,icir_mean,icir_std,rank_ic_mean,rank_ic_std,rank_icir_mean,rank_icir_std,rmse_mean,rmse_std,top_k_mean_return_mean,top_k_mean_return_std
dropout=0.0 select=rank_ic,point,5,0.017049699306622465,0.004506608115865103,0.20093289021461413,0.06088335376525557,0.030031960221927508,0.004076948179783876,0.2977474134894685,0.0691789416079601,0.02693568935614681,0.004979503089880762,0.0006288000378872657,0.000847035374308875
dropout=0.0 select=rank_ic,point_ensemble,5,0.02095147286613249,,0.2358303029469127,,0.036971182518932964,,0.3511787205086315,,0.023835646279787192,,0.0006104132466810018,
dropout=0.1 sites=mixer select=rank_ic mc_samples=50,point,5,0.01794152974106581,0.004916491073378804,0.2076335949276995,0.05804435609556279,0.029347846094609543,0.009700190460308972,0.28608353329317043,0.09612777447307698,0.03238694638448076,0.01276305186766663,0.001055392859475874,0.0007633089227817666
dropout=0.1 sites=mixer select=rank_ic mc_samples=50,point_ensemble,5,0.023657418024049144,,0.258560873336837,,0.04113307506421869,,0.37297317528197726,,0.02768445111316551,,0.0013689827860160126,
dropout=0.1 sites=mixer select=rank_ic mc_samples=50,mc_mean,5,0.018920592216618598,0.00634085511894874,0.21609726829672074,0.07648855885363814,0.02973093978452262,0.009892520557014475,0.28273082424497553,0.1004014096213027,0.029554798027513162,0.007289858554158268,0.0011220091510377923,0.0006440687017794881
dropout=0.1 sites=mixer select=rank_ic mc_samples=50,mc_mean_ensemble,5,0.023838538763348408,,0.25978922586730246,,0.038812135164754576,,0.34961689730915496,,0.026052278859650085,,0.001133403101140724,
dropout=0.2 sites=mixer select=rank_ic mc_samples=50,point,5,0.014573491155565254,0.005416526802817543,0.16405013578756283,0.06739341638731867,0.025185636185386873,0.006789290582547741,0.23443919688299944,0.07997273859795405,0.03289210654861396,0.014245044912230206,0.0012248906901340545,0.00024701864312244825
dropout=0.2 sites=mixer select=rank_ic mc_samples=50,point_ensemble,5,0.02123315720872453,,0.24036136547466092,,0.03720750812693154,,0.34014816003845066,,0.026899887808289356,,0.0008272773875225676,
dropout=0.2 sites=mixer select=rank_ic mc_samples=50,mc_mean,5,0.016669332343870115,0.007890144772200796,0.18540907461170514,0.09416127753705195,0.026619998634114028,0.008904804438966893,0.2431288383245131,0.09824945276388336,0.028155968753290943,0.0073874498631760115,0.0012193293823555547,0.00022011133820398684
dropout=0.2 sites=mixer select=rank_ic mc_samples=50,mc_mean_ensemble,5,0.023084404953530112,,0.2448992099790539,,0.03610385994255434,,0.3190583338245339,,0.024964312582786488,,0.0011444568265077681,
dropout=0.3 sites=mixer select=rank_ic mc_samples=50,point,5,0.012322527413152033,0.008015356875758729,0.1371016972885968,0.08610505777524763,0.024197429745113803,0.009888659944604337,0.2281036704348245,0.1030051781811745,0.03855003062681315,0.019586591189557957,0.0010725945038860959,0.0006025620495512213
dropout=0.3 sites=mixer select=rank_ic mc_samples=50,point_ensemble,5,0.02187672274215174,,0.24640979779831682,,0.04068249049133655,,0.3797034998205,,0.027558362504596257,,0.0010394631682431917,
dropout=0.3 sites=mixer select=rank_ic mc_samples=50,mc_mean,5,0.015725538548401495,0.010053485547553875,0.17015488522984784,0.11141073454762582,0.02658344237799119,0.009801612309596612,0.23744225893819007,0.10562272679120702,0.029755839645391198,0.009161262847643395,0.0008971836930288211,0.0005205672823356182
dropout=0.3 sites=mixer select=rank_ic mc_samples=50,mc_mean_ensemble,5,0.02308503484172565,,0.2396272409165659,,0.036533783442778724,,0.31686557414261685,,0.02507877072837617,,0.0007111598151715821,
